{"cameraMode":{"drawMode":0,"name":"Shaded","section":"Shading Mode"},"sceneLighting":false,"audioPlay":false,"sceneViewState":{"m_AlwaysRefresh":false,"showFog":true,"showSkybox":false,"showFlares":true,"showImageEffects":true,"showParticleSystems":true,"showVisualEffectGraphs":true,"m_FxEnabled":true},"in2DMode":false,"pivot":{"x":-0.6029999256134033,"y":0.20599998533725739,"z":0.5130000114440918},"rotation":{"x":-0.037827443331480029,"y":-0.749991238117218,"z":0.04301093891263008,"w":-0.6589774489402771},"size":1.6556611061096192,"orthographic":false}